nr of samples;Sample ID;[C] m/m in %;?13C (‰ v.s. V-PDB);Batch;;;;;;;
1;jh-3621;45,87;-31,09;AndreaChavez-Sumaco-SEQ1-HF1-C - repro;;;;;;;
2;p48-8665;43,55;-26,75;AndreaChavez-Sumaco-SEQ1-HF1-C - repro;;;;;;;
3;jh-3657;47,25;-30,35;AndreaChavez-Sumaco-SEQ1-HF1-C - repro;;;;;;;
4;p24-8639;44,07;-32,20;AndreaChavez-Sumaco-SEQ1-HF1-C - repro;;;;;;;
5;p62-8669;51,55;-31,97;AndreaChavez-Sumaco-SEQ1-HF1-C - repro;;;;;;;
6;p09-0157;45,52;-25,04;AndreaChavez-Sumaco-SEQ1-HF1-C - repro;;;;;;;
7;jh-3841;46,04;-29,41;AndreaChavez-Sumaco-SEQ1-HF1-C - repro;;;;;;;
8;p48-8685;43,99;-30,85;AndreaChavez-Sumaco-SEQ1-HF1-C - repro;;;;;;;
9;p09-0163;46,44;-28,06;AndreaChavez-Sumaco-SEQ1-HF1-C - repro;;;;;;;
10;p48-8678;44,94;-30,28;AndreaChavez-Sumaco-SEQ1-HF1-C - repro;;;;;;;
11;jh-1823;46,08;-30,52;AndreaChavez-Sumaco-SEQ1-HF1-C - repro;;;;;;;
12;p24-8656;42,85;-31,00;AndreaChavez-Sumaco-SEQ1-HF1-C - repro;;;;;;;
13;p09-0132;45,93;-32,68;AndreaChavez-Sumaco-SEQ1-HF1-C - repro;;;;;;;
14;p09-0188;43,39;-27,46;AndreaChavez-Sumaco-SEQ1-HF1-C - repro;;;;;;;
15;p09-183;43,16;-26,48;AndreaChavez-Sumaco-SEQ1-HF1-C - repro;;;;;;;
16;jh-2070;45,38;-30,25;AndreaChavez-Sumaco-SEQ1-HF1-C - repro;;;;;;;
17;p24-8641;45,68;-29,39;AndreaChavez-Sumaco-SEQ1-HF1-C - repro;;;;;;;
18;jh-2053;42,72;-32,48;AndreaChavez-Sumaco-SEQ1-HF1-C - repro;;;;;;;
19;p04-175;43,04;-30,51;AndreaChavez-Sumaco-SEQ1-HF1-C - repro;;;;;;;
20;p48-8664;45,02;-29,29;AndreaChavez-Sumaco-SEQ1-HF1-C - repro;;;;;;;
21;jh-3848;43,87;-33,32;AndreaChavez-Sumaco-SEQ1-HF1-C - repro;;;;;;;
22;p09-0164;40,34;-25,51;AndreaChavez-Sumaco-SEQ1-HF1-C - repro;;;;;;;
23;jh-3839;44,31;-31,98;AndreaChavez-Sumaco-SEQ1-HF1-C - repro;;;;;;;
24;jh-3600;53,86;-29,29;AndreaChavez-Sumaco-SEQ1-HF1-C - repro;;;;;;;
25;jh-3213;46,65;-32,14;AndreaChavez-Sumaco-SEQ1-HF1-C - repro;;;;;;;
26;jh-3206;45,58;-31,96;AndreaChavez-Sumaco-SEQ1-HF1-C - repro;;;;;;;
27;pxx-0124;44,46;-30,48;AndreaChavez-Sumaco-SEQ1-HF1-C - repro;;;;;;;
28;p09-01343;45,39;-29,76;AndreaChavez-Sumaco-SEQ1-HF1-C - repro;;;;;;;
29;jh-2034;42,95;-30,60;AndreaChavez-Sumaco-SEQ1-HF1-C - repro;;;;;;;
30;jh-3620;46,85;-27,71;AndreaChavez-Sumaco-SEQ1-HF1-C - repro;;;;;;;
31;jh-3710;45,32;-31,40;AndreaChavez-Sumaco-SEQ1-HF1-C - repro;;;;;;;
32;p09-0109;43,92;-31,86;AndreaChavez-Sumaco-SEQ1-HF1-C - repro;;;;;;;
33;jh-3876;43,74;-34,26;AndreaChavez-Sumaco-SEQ1-HF1-C - repro;;;;;;;
34;p09-0122;44,47;-29,73;AndreaChavez-Sumaco-SEQ1-HF1-C - repro;;;;;;;
35;p50-8796;44,35;-31,71;AndreaChavez-Sumaco-SEQ1-HF1-C - repro;;;;;;;
36;jh-3923;46,27;-31,97;AndreaChavez-Sumaco-SEQ1-HF1-C - repro;;;;;;;
37;jh-2531;44,56;-30,55;AndreaChavez-Sumaco-SEQ1-HF1-C - repro;;;;;;;
38;p09-0130;45,17;-30,60;AndreaChavez-Sumaco-SEQ1-HF1-C - repro;;;;;;;
39;p09-139;44,67;-29,09;AndreaChavez-Sumaco-SEQ1-HF1-C - repro;;;;;;;
40;p09-151;44,43;-23,99;AndreaChavez-Sumaco-SEQ1-HF1-C - repro;;;;;;;
41;p50-8789;44,46;-27,61;AndreaChavez-Sumaco-SEQ1-HF1-C - repro;;;;;;;
42;p50-8609;44,43;-28,74;AndreaChavez-Sumaco-SEQ1-HF1-C - repro;;;;;;;
43;p09-131;48,82;-31,31;AndreaChavez-Sumaco-SEQ1-HF1-C - repro;;;;;;;
44;jh-2525;45,78;-30,36;AndreaChavez-Sumaco-SEQ1-HF1-C - repro;;;;;;;
45;jh-2456;43,95;-29,13;AndreaChavez-Sumaco-SEQ1-HF1-C - repro;;;;;;;
46;p50-8778;46,65;-30,84;AndreaChavez-Sumaco-SEQ1-HF1-C - repro;;;;;;;
47;p50-8800;44,98;-28,13;AndreaChavez-Sumaco-SEQ1-HF1-C - repro;;;;;;;
48;p50-8612;52,22;-28,62;AndreaChavez-Sumaco-SEQ1-HF1-C - repro;;;;;;;
49;p48-8658;43,87;-30,06;AndreaChavez-Sumaco-SEQ1-HF1-C - repro;;;;;;;
50;p09-120;43,97;-28,67;AndreaChavez-Sumaco-SEQ1-HF1-C - repro;;;;;;;
51;p08-138;44,76;-29,45;AndreaChavez-Sumaco-SEQ1-HF1-C - repro;;;;;;;
52;p62-8909;45,77;-31,03;AndreaChavez-Sumaco-SEQ1-HF1-C - repro;;;;;;;
53;p62-8920;45,21;-28,47;AndreaChavez-Sumaco-SEQ1-HF1-C - repro;;;;;;;
54;p24-8640;48,37;-28,09;AndreaChavez-Sumaco-SEQ1-HF1-C - repro;;;;;;;
55;p24-8644;45,35;-30,61;AndreaChavez-Sumaco-SEQ1-HF1-C - repro;;;;;;;
56;p62-8911;44,41;-28,41;AndreaChavez-Sumaco-SEQ1-HF1-C - repro;;;;;;;
57;p62-8913;44,05;-28,26;AndreaChavez-Sumaco-SEQ1-HF1-C - repro;;;;;;;
58;p24-8633;53,56;-32,52;AndreaChavez-Sumaco-SEQ1-HF1-C - repro;;;;;;;
59;p62-8904;42,88;-30,68;AndreaChavez-Sumaco-SEQ1-HF1-C - repro;;;;;;;
60;p24-8643;42,33;-26,86;AndreaChavez-Sumaco-SEQ1-HF1-C - repro;;;;;;;
61;p68-8640;44,83;-27,38;AndreaChavez-Sumaco-SEQ1-HF1-C - repro;;;;;;;
62;p62-8935;47,74;-27,15;AndreaChavez-Sumaco-SEQ1-HF1-C - repro;;;;;;;
63;p48-8667;43,68;-31,24;AndreaChavez-Sumaco-SEQ1-HF1-C - repro;;;;;;;
64;p24-8654;45,02;-31,48;AndreaChavez-Sumaco-SEQ1-HF1-C - repro;;;;;;;
65;p24-8649;44,57;-28,84;AndreaChavez-Sumaco-SEQ1-HF1-C - repro;;;;;;;
66;p50-8780;46,67;-32,24;AndreaChavez-Sumaco-SEQ1-HF1-C - repro;;;;;;;
67;jh 3847;44,95;-31,07;AndreaChavez-Sumaco-SEQ1-HF1-C - repro;;;;;;;
68;p50-8613;48,54;-32,07;AndreaChavez-Sumaco-SEQ1-HF1-C - repro;;;;;;;
69;p50-8615;47,67;-28,68;AndreaChavez-Sumaco-SEQ1-HF1-C - repro;;;;;;;
70;p09-0128;44,22;-29,88;AndreaChavez-Sumaco-SEQ1-HF1-C - repro;;;;;;;
71;p04-0129;44,52;-32,08;AndreaChavez-Sumaco-SEQ1-HF1-C - repro;;;;;;;
72;jh-3625;45,44;-27,14;AndreaChavez-Sumaco-SEQ1-HF1-C - repro;;;;;;;
73;jh-3939;43,99;-32,23;AndreaChavez-Sumaco-SEQ1-HF1-C - repro;;;;;;;
74;jh-3421;55,94;-32,85;AndreaChavez-Sumaco-SEQ1-HF1-C - repro;;;;;;;
75;p09-107;44,39;-30,41;AndreaChavez-Sumaco-SEQ1-HF1-C - repro;;;;;;;
76;jh-3842;42,68;-30,36;AndreaChavez-Sumaco-SEQ1-HF1-C - repro;;;;;;;
77;p24-8642;48,34;-32,36;AndreaChavez-Sumaco-SEQ1-HF1-C - repro;;;;;;;
78;jh-3698;44,36;-27,13;AndreaChavez-Sumaco-SEQ1-HF1-C - repro;;;;;;;
79;jh-3214;52,17;-31,97;AndreaChavez-Sumaco-SEQ1-HF1-C - repro;;;;;;;
80;p50-8786;44,11;-28,80;AndreaChavez-Sumaco-SEQ1-HF1-C - repro;;;;;;;
81;p24-8651;44,22;-29,18;AndreaChavez-Sumaco-SEQ1-HF1-C - repro;;;;;;;
82;p48-8686;44,84;-31,55;AndreaChavez-Sumaco-SEQ1-HF1-C - repro;;;;;;;
83;p48-8663;44,25;-32,70;AndreaChavez-Sumaco-SEQ1-HF1-C - repro;;;;;;;
84;p48-8672;45,14;-27,04;AndreaChavez-Sumaco-SEQ1-HF1-C - repro;;;;;;;
85;jh-3877;49,29;-26,63;AndreaChavez-Sumaco-SEQ1-HF1-C - repro;;;;;;;
86;jh-3623;45,43;-29,88;AndreaChavez-Sumaco-SEQ1-HF1-C - repro;;;;;;;
87;jh-3280;40,23;-31,27;AndreaChavez-Sumaco-SEQ1-HF1-C - repro;;;;;;;
88;jh-3268;43,88;-31,08;AndreaChavez-Sumaco-SEQ1-HF1-C - repro;;;;;;;
89;jh-3659;44,78;-32,39;AndreaChavez-Sumaco-SEQ1-HF1-C - repro;;;;;;;
90;jh-3269;50,66;-32,33;AndreaChavez-Sumaco-SEQ1-HF1-C - repro;;;;;;;
91;10-3725;44,90;-29,73;AndreaChavez-Sumaco-SEQ2-HF1-C - repro;;;;;;;
92;10-3723;44,00;-31,02;AndreaChavez-Sumaco-SEQ2-HF1-C - repro;;;;;;;
93;16-3740;44,44;-29,20;AndreaChavez-Sumaco-SEQ2-HF1-C - repro;;;;;;;
94;18-3766;44,58;-31,86;AndreaChavez-Sumaco-SEQ2-HF1-C - repro;;;;;;;
95;70-3643;46,09;-31,50;AndreaChavez-Sumaco-SEQ2-HF1-C - repro;;;;;;;
96;12-3665;42,47;-27,92;AndreaChavez-Sumaco-SEQ2-HF1-C - repro;;;;;;;
97;10-247;76,94;-30,57;AndreaChavez-Sumaco-SEQ2-HF1-C - repro;;;;;;;
98;12-3675;44,24;-30,92;AndreaChavez-Sumaco-SEQ2-HF1-C - repro;;;;;;;
99;46186;48,36;-24,99;AndreaChavez-Sumaco-SEQ2-HF1-C - repro;;;;;;;
100;46152;43,71;-26,97;AndreaChavez-Sumaco-SEQ2-HF1-C - repro;;;;;;;
101;18-3761;48,76;-32,88;AndreaChavez-Sumaco-SEQ2-HF1-C - repro;;;;;;;
102;11-274;44,79;-26,93;AndreaChavez-Sumaco-SEQ2-HF1-C - repro;;;;;;;
103;12-290;41,30;-28,84;AndreaChavez-Sumaco-SEQ2-HF1-C - repro;;;;;;;
104;10-3708;44,41;-29,20;AndreaChavez-Sumaco-SEQ2-HF1-C - repro;;;;;;;
105;12-309;44,37;-30,45;AndreaChavez-Sumaco-SEQ2-HF1-C - repro;;;;;;;
106;12-282;45,56;-27,35;AndreaChavez-Sumaco-SEQ2-HF1-C - repro;;;;;;;
107;18-3745;43,64;-28,60;AndreaChavez-Sumaco-SEQ2-HF1-C - repro;;;;;;;
108;11-271;43,55;-30,65;AndreaChavez-Sumaco-SEQ2-HF1-C - repro;;;;;;;
109;13-318;42,93;-29,00;AndreaChavez-Sumaco-SEQ2-HF1-C - repro;;;;;;;
110;10-256;39,89;-28,39;AndreaChavez-Sumaco-SEQ2-HF1-C - repro;;;;;;;
111;12-284;45,34;-29,05;AndreaChavez-Sumaco-SEQ2-HF1-C - repro;;;;;;;
112;16-3757;44,56;-31,15;AndreaChavez-Sumaco-SEQ2-HF1-C - repro;;;;;;;
113;13-331;45,01;-28,93;AndreaChavez-Sumaco-SEQ2-HF1-C - repro;;;;;;;
114;p9-231;45,79;-29,78;AndreaChavez-Sumaco-SEQ2-HF1-C - repro;;;;;;;
115;10-238;43,18;-29,18;AndreaChavez-Sumaco-SEQ2-HF1-C - repro;;;;;;;
116;46229;45,68;-25,80;AndreaChavez-Sumaco-SEQ2-HF1-C - repro;;;;;;;
117;12-279;45,32;-27,61;AndreaChavez-Sumaco-SEQ2-HF1-C - repro;;;;;;;
118;46097;49,74;-25,99;AndreaChavez-Sumaco-SEQ2-HF1-C - repro;;;;;;;
119;09-3728;41,34;-30,56;AndreaChavez-Sumaco-SEQ2-HF1-C - repro;;;;;;;
120;12-3661;42,63;-29,50;AndreaChavez-Sumaco-SEQ2-HF1-C - repro;;;;;;;
121;46143;49,40;-27,06;AndreaChavez-Sumaco-SEQ2-HF1-C - repro;;;;;;;
122;46093;43,50;-28,27;AndreaChavez-Sumaco-SEQ2-HF1-C - repro;;;;;;;
123;11-268;43,82;-29,33;AndreaChavez-Sumaco-SEQ2-HF1-C - repro;;;;;;;
124;46185;43,95;-26,70;AndreaChavez-Sumaco-SEQ2-HF1-C - repro;;;;;;;
125;13-334;41,97;-28,71;AndreaChavez-Sumaco-SEQ2-HF1-C - repro;;;;;;;
126;12-286;45,44;-30,32;AndreaChavez-Sumaco-SEQ2-HF1-C - repro;;;;;;;
127;p9-225;42,58;-28,69;AndreaChavez-Sumaco-SEQ2-HF1-C - repro;;;;;;;
128;11-3796;48,12;-27,75;AndreaChavez-Sumaco-SEQ2-HF1-C - repro;;;;;;;
129;11-273;45,40;-30,36;AndreaChavez-Sumaco-SEQ2-HF1-C - repro;;;;;;;
130;12-221;44,44;-30,20;AndreaChavez-Sumaco-SEQ2-HF1-C - repro;;;;;;;
131;46144;44,16;-26,66;AndreaChavez-Sumaco-SEQ2-HF1-C - repro;;;;;;;
132;46237;48,17;-27,69;AndreaChavez-Sumaco-SEQ2-HF1-C - repro;;;;;;;
133;12-305;43,52;-28,06;AndreaChavez-Sumaco-SEQ2-HF1-C - repro;;;;;;;
134;p8-3770;44,28;-30,25;AndreaChavez-Sumaco-SEQ2-HF1-C - repro;;;;;;;
135;jh-3591;47,29;-31,47;AndreaChavez-Sumaco-SEQ2-HF1-C - repro;;;;;;;
136;10-3723.2;44,25;-31,20;AndreaChavez-Sumaco-SEQ2-HF1-C - repro;;;;;;;
137;16-3746;44,79;-28,47;AndreaChavez-Sumaco-SEQ2-HF1-C - repro;;;;;;;
138;11-3705;44,49;-28,52;AndreaChavez-Sumaco-SEQ2-HF1-C - repro;;;;;;;
139;46145;43,63;-27,84;AndreaChavez-Sumaco-SEQ2-HF1-C - repro;;;;;;;
140;68-9865;50,74;-32,93;AndreaChavez-Sumaco-SEQ2-HF1-C - repro;;;;;;;
141;18-3767;43,80;-29,42;AndreaChavez-Sumaco-SEQ2-HF1-C - repro;;;;;;;
142;16-3716;45,78;-29,39;AndreaChavez-Sumaco-SEQ2-HF1-C - repro;;;;;;;
143;12-3671;45,24;-30,15;AndreaChavez-Sumaco-SEQ2-HF1-C - repro;;;;;;;
144;10-3719;43,20;-27,95;AndreaChavez-Sumaco-SEQ2-HF1-C - repro;;;;;;;
145;13-310;44,28;-27,35;AndreaChavez-Sumaco-SEQ2-HF1-C - repro;;;;;;;
146;13-329;45,54;-26,13;AndreaChavez-Sumaco-SEQ2-HF1-C - repro;;;;;;;
147;10-245;36,56;-27,65;AndreaChavez-Sumaco-SEQ2-HF1-C - repro;;;;;;;
148;13-332;44,80;-28,01;AndreaChavez-Sumaco-SEQ2-HF1-C - repro;;;;;;;
149;10-240;44,25;-27,86;AndreaChavez-Sumaco-SEQ2-HF1-C - repro;;;;;;;
150;12-3683;44,19;-29,60;AndreaChavez-Sumaco-SEQ2-HF1-C - repro;;;;;;;
151;11-270;43,13;-27,67;AndreaChavez-Sumaco-SEQ2-HF1-C - repro;;;;;;;
152;11-275;45,39;-30,70;AndreaChavez-Sumaco-SEQ2-HF1-C - repro;;;;;;;
153;46232;44,00;-27,49;AndreaChavez-Sumaco-SEQ2-HF1-C - repro;;;;;;;
154;11-267;49,73;-30,49;AndreaChavez-Sumaco-SEQ2-HF1-C - repro;;;;;;;
155;16-3739;44,10;-29,61;AndreaChavez-Sumaco-SEQ2-HF1-C - repro;;;;;;;
156;p1-230;45,46;-29,29;AndreaChavez-Sumaco-SEQ2-HF1-C - repro;;;;;;;
157;46142;48,81;-26,14;AndreaChavez-Sumaco-SEQ2-HF1-C - repro;;;;;;;
158;p9-235;43,26;-30,19;AndreaChavez-Sumaco-SEQ2-HF1-C - repro;;;;;;;
159;10-246;45,18;-27,17;AndreaChavez-Sumaco-SEQ2-HF1-C - repro;;;;;;;
160;18-3669;43,79;-28,28;AndreaChavez-Sumaco-SEQ2-HF1-C - repro;;;;;;;
161;10-3694;44,54;-29,94;AndreaChavez-Sumaco-SEQ2-HF1-C - repro;;;;;;;
162;12-288;42,06;-29,18;AndreaChavez-Sumaco-SEQ2-HF1-C - repro;;;;;;;
163;11-261;45,11;-27,92;AndreaChavez-Sumaco-SEQ2-HF1-C - repro;;;;;;;
164;10-242;42,91;-29,62;AndreaChavez-Sumaco-SEQ2-HF1-C - repro;;;;;;;
165;09-3729;46,34;-32,40;AndreaChavez-Sumaco-SEQ2-HF1-C - repro;;;;;;;
166;13-312;43,49;-27,37;AndreaChavez-Sumaco-SEQ2-HF1-C - repro;;;;;;;
167;69-8893;43,50;-33,71;AndreaChavez-Sumaco-SEQ2-HF1-C - repro;;;;;;;
168;11-3697;46,39;-29,76;AndreaChavez-Sumaco-SEQ2-HF1-C - repro;;;;;;;
169;10-3699;46,78;-26,81;AndreaChavez-Sumaco-SEQ2-HF1-C - repro;;;;;;;
170;10-239;44,33;-28,67;AndreaChavez-Sumaco-SEQ2-HF1-C - repro;;;;;;;
171;12-289;43,89;-29,46;AndreaChavez-Sumaco-SEQ2-HF1-C - repro;;;;;;;
172;13-314;44,38;-27,86;AndreaChavez-Sumaco-SEQ2-HF1-C - repro;;;;;;;
173;16-3747;44,36;-31,04;AndreaChavez-Sumaco-SEQ2-HF1-C - repro;;;;;;;
174;jh-3928;45,59;-32,85;AndreaChavez-Sumaco-SEQ3-HF1-C - repro;;;;;;;
175;jh-3889;46,35;-33,02;AndreaChavez-Sumaco-SEQ3-HF1-C - repro;;;;;;;
176;jh-3838;44,77;-28,72;AndreaChavez-Sumaco-SEQ3-HF1-C - repro;;;;;;;
177;jh-3897;45,5;-28,17;AndreaChavez-Sumaco-SEQ3-HF1-C - repro;;;;;;;
178;jh-3899;46,23;-30,4;AndreaChavez-Sumaco-SEQ3-HF1-C - repro;;;;;;;
179;jh-2529;43,84;-32,97;AndreaChavez-Sumaco-SEQ3-HF1-C - repro;;;;;;;
180;jh-3608;45,67;-30,58;AndreaChavez-Sumaco-SEQ3-HF1-C - repro;;;;;;;
181;jh-3200;50,61;-31,34;AndreaChavez-Sumaco-SEQ3-HF1-C - repro;;;;;;;
182;jh-3582;46,66;-29,63;AndreaChavez-Sumaco-SEQ3-HF1-C - repro;;;;;;;
183;jh-3918;45,42;-31,66;AndreaChavez-Sumaco-SEQ3-HF1-C - repro;;;;;;;
184;jh-3919;45,96;-34,74;AndreaChavez-Sumaco-SEQ3-HF1-C - repro;;;;;;;
185;jh-3923;45,04;-31,56;AndreaChavez-Sumaco-SEQ3-HF1-C - repro;;;;;;;
186;jh-3706;44,99;-30,11;AndreaChavez-Sumaco-SEQ3-HF1-C - repro;;;;;;;
187;jh-3850;44,35;-31,5;AndreaChavez-Sumaco-SEQ3-HF1-C - repro;;;;;;;
188;jh-2317;46,68;-29,97;AndreaChavez-Sumaco-SEQ3-HF1-C - repro;;;;;;;
189;jh-3875;44,57;-31,02;AndreaChavez-Sumaco-SEQ3-HF1-C - repro;;;;;;;
190;jh-3880;44,74;-31,46;AndreaChavez-Sumaco-SEQ3-HF1-C - repro;;;;;;;
191;jh-3199;46,84;-30,1;AndreaChavez-Sumaco-SEQ3-HF1-C - repro;;;;;;;
192;p69-8899;45,58;-31,71;AndreaChavez-Sumaco-SEQ3-HF1-C - repro;;;;;;;
193;p70-3658;45,45;-32,26;AndreaChavez-Sumaco-SEQ3-HF1-C - repro;;;;;;;
194;jh-3922;45,07;-28,4;AndreaChavez-Sumaco-SEQ3-HF1-C - repro;;;;;;;
195;p70-3624;52,95;-32,36;AndreaChavez-Sumaco-SEQ3-HF1-C - repro;;;;;;;
196;p69-8894;46,54;-30,79;AndreaChavez-Sumaco-SEQ3-HF1-C - repro;;;;;;;
197;p70-3631;43,77;-31,43;AndreaChavez-Sumaco-SEQ3-HF1-C - repro;;;;;;;
198;p74-8830;45,35;-30,61;AndreaChavez-Sumaco-SEQ3-HF1-C - repro;;;;;;;
199;p72-8693;47,23;-32,18;AndreaChavez-Sumaco-SEQ3-HF1-C - repro;;;;;;;
200;p74-8839;47,43;-33,56;AndreaChavez-Sumaco-SEQ3-HF1-C - repro;;;;;;;
201;p74-8855;44,84;-32,69;AndreaChavez-Sumaco-SEQ3-HF1-C - repro;;;;;;;
202;p74-8829;49,45;-32,67;AndreaChavez-Sumaco-SEQ3-HF1-C - repro;;;;;;;
203;p10-3716;43,95;-29,85;AndreaChavez-Sumaco-SEQ3-HF1-C - repro;;;;;;;
204;p10-3711;46,03;-29,43;AndreaChavez-Sumaco-SEQ3-HF1-C - repro;;;;;;;
205;p11-3701;44;-29,58;AndreaChavez-Sumaco-SEQ3-HF1-C - repro;;;;;;;
206;p09-3732;44,13;-28,99;AndreaChavez-Sumaco-SEQ3-HF1-C - repro;;;;;;;
207;p09-3730;46,64;-30,84;AndreaChavez-Sumaco-SEQ3-HF1-C - repro;;;;;;;
208;p09-3734;43,52;-30,17;AndreaChavez-Sumaco-SEQ3-HF1-C - repro;;;;;;;
209;p09-3733;47,83;-30,5;AndreaChavez-Sumaco-SEQ3-HF1-C - repro;;;;;;;
210;p09-3735;45,85;-28,06;AndreaChavez-Sumaco-SEQ3-HF1-C - repro;;;;;;;
211;p12-3678;45,7;-28,51;AndreaChavez-Sumaco-SEQ3-HF1-C - repro;;;;;;;
212;p12-3669;45,09;-29,57;AndreaChavez-Sumaco-SEQ3-HF1-C - repro;;;;;;;
213;p12-3682;45,83;-30,7;AndreaChavez-Sumaco-SEQ3-HF1-C - repro;;;;;;;
214;p18-3763;45,75;-30,22;AndreaChavez-Sumaco-SEQ3-HF1-C - repro;;;;;;;
215;p10-3714;44,44;-29,42;AndreaChavez-Sumaco-SEQ3-HF1-C - repro;;;;;;;
216;p11-3706;47,53;-29,99;AndreaChavez-Sumaco-SEQ3-HF1-C - repro;;;;;;;
217;p11-3695;44,59;-29,18;AndreaChavez-Sumaco-SEQ3-HF1-C - repro;;;;;;;
218;p10-3712;46,28;-31,2;AndreaChavez-Sumaco-SEQ3-HF1-C - repro;;;;;;;
219;jh-3892;47,31;-34,21;AndreaChavez-Sumaco-SEQ3-HF1-C - repro;;;;;;;
220;jh-3925;44;-32,37;AndreaChavez-Sumaco-SEQ3-HF1-C - repro;;;;;;;
221;jh-3607;46,08;-26,49;AndreaChavez-Sumaco-SEQ3-HF1-C - repro;;;;;;;
222;3872;48,25;-30,87;AndreaChavez-Sumaco-SEQ3-HF1-C - repro;;;;;;;
223;jh-3580;44,17;-31,78;AndreaChavez-Sumaco-SEQ3-HF1-C - repro;;;;;;;
224;jh-3927;45,26;-33,6;AndreaChavez-Sumaco-SEQ3-HF1-C - repro;;;;;;;
225;jh-4779;45,05;-30,27;AndreaChavez-Sumaco-SEQ3-HF1-C - repro;;;;;;;
226;3896;46,62;-29,6;AndreaChavez-Sumaco-SEQ3-HF1-C - repro;;;;;;;
227;p10-241;44,38;-28,45;AndreaChavez-Sumaco-SEQ3-HF1-C - repro;;;;;;;
228;3885;45,22;-30,05;AndreaChavez-Sumaco-SEQ3-HF1-C - repro;;;;;;;
229;jh-4769;44,83;-31,59;AndreaChavez-Sumaco-SEQ3-HF1-C - repro;;;;;;;
230;jh-3723;40,11;-31,02;AndreaChavez-Sumaco-SEQ3-HF1-C - repro;;;;;;;
231;jh-4774;44,19;-30,84;AndreaChavez-Sumaco-SEQ3-HF1-C - repro;;;;;;;
232;jh-4776;45,38;-33,85;AndreaChavez-Sumaco-SEQ3-HF1-C - repro;;;;;;;
233;jh-3854;46,16;-31,73;AndreaChavez-Sumaco-SEQ3-HF1-C - repro;;;;;;;
234;jh-3853;43,96;-26,92;AndreaChavez-Sumaco-SEQ3-HF1-C - repro;;;;;;;
235;jh-3696;46,66;-25,47;AndreaChavez-Sumaco-SEQ3-HF1-C - repro;;;;;;;
236;jh-3703;45,47;-33,67;AndreaChavez-Sumaco-SEQ3-HF1-C - repro;;;;;;;
237;jh-3662;47,76;-29,3;AndreaChavez-Sumaco-SEQ3-HF1-C - repro;;;;;;;
238;jh-4771;45,63;-30,8;AndreaChavez-Sumaco-SEQ3-HF1-C - repro;;;;;;;
239;jh-3601;45,63;-29,26;AndreaChavez-Sumaco-SEQ3-HF1-C - repro;;;;;;;
240;jh-3579;44,99;-30,63;AndreaChavez-Sumaco-SEQ3-HF1-C - repro;;;;;;;
241;jh-3840;41,64;-32,33;AndreaChavez-Sumaco-SEQ3-HF1-C - repro;;;;;;;
242;jh-4770;43,73;-30,69;AndreaChavez-Sumaco-SEQ3-HF1-C - repro;;;;;;;
243;jh-3929;46,39;-30,97;AndreaChavez-Sumaco-SEQ3-HF1-C - repro;;;;;;;
244;jh-3842;42,58;-30,5;AndreaChavez-Sumaco-SEQ3-HF1-C - repro;;;;;;;
245;jh-3888;46,37;-32,66;AndreaChavez-Sumaco-SEQ3-HF1-C - repro;;;;;;;
246;jh-3882;51,15;-33,49;AndreaChavez-Sumaco-SEQ3-HF1-C - repro;;;;;;;
247;jh-3855;38,87;-31,99;AndreaChavez-Sumaco-SEQ3-HF1-C - repro;;;;;;;
248;jh-4772;44,6;-33,06;AndreaChavez-Sumaco-SEQ3-HF1-C - repro;;;;;;;
249;jh-3195;43,28;-31,33;AndreaChavez-Sumaco-SEQ3-HF1-C - repro;;;;;;;
250;jh-3212;45,87;-32,32;AndreaChavez-Sumaco-SEQ3-HF1-C - repro;;;;;;;
251;jh-3920;44,32;-32,58;AndreaChavez-Sumaco-SEQ3-HF1-C - repro;;;;;;;
252;jh-3197;57,5;-33,69;AndreaChavez-Sumaco-SEQ3-HF1-C - repro;;;;;;;
253;jh-3924;46,6;-27,68;AndreaChavez-Sumaco-SEQ3-HF1-C - repro;;;;;;;
254;jh-4773;49,84;-35,43;AndreaChavez-Sumaco-SEQ3-HF1-C - repro;;;;;;;
255;jh-3844;43,7;-32,18;AndreaChavez-Sumaco-SEQ3-HF1-C - repro;;;;;;;
256;jh-3264;46,05;-32,28;AndreaChavez-Sumaco-SEQ3-HF1-C - repro;;;;;;;
257;jh-3897;42,93;-27,39;AndreaChavez-Sumaco-SEQ3-HF1-C - repro;;;;;;;
258;jh-3900;44,95;-30,58;AndreaChavez-Sumaco-SEQ3-HF1-C - repro;;;;;;;
259;jh-3589;43,11;-28,93;AndreaChavez-Sumaco-SEQ3-HF1-C - repro;;;;;;;
260;jh-3901;45,33;-31,74;AndreaChavez-Sumaco-SEQ3-HF1-C - repro;;;;;;;
261;jh-3881;44,69;-31,61;AndreaChavez-Sumaco-SEQ3-HF1-C - repro;;;;;;;
262;jh-3707;59,24;-29,78;AndreaChavez-Sumaco-SEQ3-HF1-C - repro;;;;;;;
263;jh-3611;45,19;-26,2;AndreaChavez-Sumaco-SEQ3-HF1-C - repro;;;;;;;
264;jh-3595;45,05;-28,6;AndreaChavez-Sumaco-SEQ3-HF1-C - repro;;;;;;;
265;jh-3581;47,09;-27,91;AndreaChavez-Sumaco-SEQ3-HF1-C - repro;;;;;;;
266;jh-3609;44,13;-30,28;AndreaChavez-Sumaco-SEQ3-HF1-C - repro;;;;;;;
267;jh-3659;44,55;-31,83;AndreaChavez-Sumaco-SEQ3-HF1-C - repro;;;;;;;
268;jh-3893;51,14;-32,63;AndreaChavez-Sumaco-SEQ3-HF1-C - repro;;;;;;;
269;46094;51,02;-26,96;AndreaChavez-Sumaco-SEQ3-HF1-C - repro;;;;;;;
270;68-8869;44,54;-29,77;AndreaChavez-Sumaco-SEQ3-HF1-C - repro;;;;;;;
271;11-266;43,76;-29,6;AndreaChavez-Sumaco-SEQ3-HF1-C - repro;;;;;;;
272;3-nov;43,97;-27,46;AndreaChavez-Sumaco-SEQ3-HF1-C - repro;;;;;;;
273;jh3697;50,79;-30;AndreaChavez-Sumaco-SEQ3-HF1-C - repro;;;;;;;
274;jh3621;45,66;-31,13;AndreaChavez-Sumaco-SEQ3-HF1-C - repro;;;;;;;
275;11-259;43,79;-27,61;AndreaChavez-Sumaco-SEQ3-HF1-C - repro;;;;;;;
